cluster,Arnona
0,961.7400268366076
1,874.2995487545538
2,1069.7484865252904
3,1031.5784614024658
